City_ID,City,Cloudiness,Country,Date,Humidity,Lat,Lng,Max Temp,Wind Speed
0,coihaique,0,CL,1523595600,81,-45.58,-72.07,33.8,2.24
1,avarua,20,CK,1523595600,83,-21.21,-159.78,78.8,3.36
2,mackay,90,CA,1523596200,92,53.65,-115.58,28.4,8.05
3,dikson,36,RU,1523598986,100,73.51,80.55,11.01,14.72
4,batsfjord,40,NO,1523595000,98,70.63,29.72,35.6,17.22
5,kapaa,90,US,1523598180,88,22.08,-159.32,75.2,14.99
6,arraial do cabo,0,BR,1523598987,98,-22.97,-42.02,75.0,8.46
7,bluff,56,AU,1523598988,44,-23.58,149.07,84.27,9.24
8,sergeyevka,0,KZ,1523598988,88,53.88,67.42,35.85,9.46
9,victoria,75,BN,1523597400,59,5.28,115.24,91.4,4.7
10,qaanaaq,76,GL,1523598989,85,77.48,-69.36,2.1,5.1
11,ushuaia,75,AR,1523595600,75,-54.81,-68.31,44.6,7.9
12,las vegas,75,US,1523596500,7,36.17,-115.15,60.8,21.92
13,celestun,92,MX,1523598991,96,20.87,-90.4,80.85,19.64
14,marsh harbour,76,BS,1523598991,100,26.54,-77.06,73.47,14.05
15,taltal,56,CL,1523598991,100,-25.41,-70.49,54.21,1.97
16,hobart,40,AU,1523597400,52,-42.88,147.33,64.4,9.17
17,rikitea,80,PF,1523598992,100,-23.12,-134.97,78.15,13.04
18,butaritari,92,KI,1523598992,100,3.07,172.79,82.38,10.02
19,paita,8,PE,1523598993,94,-5.09,-81.11,65.73,2.98
20,tera,0,CY,1523597400,52,34.97,32.42,68.0,2.24
21,piranshahr,92,IR,1523598994,84,36.7,45.14,50.61,1.63
22,nanortalik,8,GL,1523598994,97,60.14,-45.24,26.31,20.87
23,tadine,8,NC,1523598995,97,-21.55,167.88,77.43,19.08
24,atuona,36,PF,1523598995,100,-9.8,-139.03,81.3,13.71
25,cape town,40,ZA,1523595600,87,-33.93,18.42,60.8,6.93
26,saint pete beach,1,US,1523595360,73,27.73,-82.74,71.6,18.34
27,ailigandi,92,PA,1523598996,98,9.23,-78.02,75.36,4.21
28,clyde river,1,CA,1523595600,75,70.47,-68.59,-20.21,3.36
29,pochutla,64,MX,1523598997,100,15.74,-96.47,81.48,8.57
30,kavieng,0,PG,1523598997,100,-2.57,150.8,85.98,4.99
31,puerto ayora,8,EC,1523598998,100,-0.74,-90.35,74.1,4.76
32,lake cowichan,90,CA,1523595600,70,48.82,-124.05,46.4,4.7
33,ancud,20,CL,1523598999,90,-41.87,-73.83,38.19,4.32
34,albany,40,US,1523595240,66,42.65,-73.75,53.6,9.17
35,lithakia,0,GR,1523596800,82,37.72,20.83,57.2,7.56
36,yellowknife,20,CA,1523595600,47,62.45,-114.38,14.0,12.75
37,georgetown,92,GY,1523598982,77,6.8,-58.16,77.7,8.46
38,kaeo,24,NZ,1523599001,73,-35.1,173.78,65.91,14.27
39,narsaq,56,GL,1523595000,68,60.91,-46.05,24.8,3.36
40,jamestown,0,AU,1523599002,22,-33.21,138.6,74.55,22.32
41,virginia beach,1,US,1523596800,58,36.85,-75.98,62.6,13.87
42,bethel,75,US,1523595180,60,60.79,-161.76,42.8,6.93
43,banda aceh,56,ID,1523598963,98,5.56,95.32,80.85,2.75
44,hilo,90,US,1523595180,78,19.71,-155.08,75.2,12.37
45,constitucion,0,MX,1523599004,39,23.99,-104.67,55.65,8.9
46,bredasdorp,88,ZA,1523595600,72,-34.53,20.04,66.2,8.05
47,mataura,24,NZ,1523599005,74,-46.19,168.86,46.65,3.65
48,carnarvon,88,ZA,1523599005,89,-30.97,22.13,58.08,9.69
49,harper,90,US,1523596500,83,30.3,-99.24,75.2,10.29
50,chuy,0,UY,1523599006,84,-33.69,-53.46,61.32,15.28
51,mahebourg,40,MU,1523595600,69,-20.41,57.7,82.4,9.17
52,caucaia,0,BR,1523595600,88,-3.73,-38.66,77.0,3.36
53,ahuimanu,40,US,1523596620,78,21.44,-157.84,78.8,6.93
54,ponta do sol,12,BR,1523599008,90,-20.63,-46.0,56.37,0.63
55,chokurdakh,0,RU,1523599009,90,70.62,147.9,10.02,11.59
56,sorong,24,ID,1523599009,100,-0.86,131.25,82.83,1.63
57,mount gambier,20,AU,1523598978,68,-37.83,140.78,64.29,11.7
58,kumluca,0,TR,1523599010,60,36.37,30.29,60.42,2.08
59,vestmannaeyjar,92,IS,1523599010,91,63.44,-20.27,43.05,16.51
60,busselton,0,AU,1523599011,95,-33.64,115.35,69.87,13.49
61,cherskiy,0,RU,1523599011,69,68.75,161.3,20.82,2.64
62,ostrovnoy,68,RU,1523599011,99,68.05,39.51,32.52,10.8
63,lebu,40,ET,1523595600,77,8.96,38.73,59.0,3.87
64,mizdah,0,LY,1523599012,46,31.45,12.98,57.72,5.21
65,faanui,64,PF,1523599013,100,-16.48,-151.75,81.57,6.67
66,upernavik,68,GL,1523599013,95,72.79,-56.15,6.78,6.78
67,ola,20,RU,1523595600,49,59.58,151.3,26.6,8.95
68,mahibadhoo,92,MV,1523599014,100,3.78,72.97,85.53,10.92
69,vikarabad,0,IN,1523597400,41,17.34,77.9,93.2,4.7
70,tautira,40,PF,1523597400,74,-17.73,-149.15,80.6,4.7
71,aksarka,64,RU,1523599015,97,66.56,67.8,20.91,12.37
72,murgab,0,TM,1523595600,27,37.5,61.97,73.4,4.7
73,ihosy,8,MG,1523599016,67,-22.4,46.13,66.36,14.27
74,krasnogorsk,0,RU,1523595600,55,55.82,37.34,39.2,4.47
75,alice springs,8,AU,1523597400,13,-23.7,133.88,95.0,10.29
76,amahai,12,ID,1523599017,100,-3.31,129.0,83.37,6.67
77,abu samrah,0,SY,1523599017,93,35.3,37.18,59.97,6.11
78,florianopolis,0,BR,1523595600,94,-27.6,-48.55,71.6,5.82
79,guerrero negro,0,MX,1523598883,84,27.97,-114.04,57.18,19.08
80,punta arenas,75,CL,1523595600,75,-53.16,-70.91,44.6,13.87
81,monte alegre,56,BR,1523599018,88,-2.0,-54.07,76.35,3.87
82,longyearbyen,75,NO,1523595000,74,78.22,15.63,28.4,20.8
83,barrow,0,AR,1523599019,68,-38.31,-60.23,42.42,5.99
84,port alfred,0,ZA,1523599020,91,-33.59,26.89,71.49,7.56
85,maraba,75,BR,1523595600,100,-5.35,-49.1,75.2,2.24
86,kaputa,92,ZM,1523599021,100,-8.47,29.66,64.02,2.08
87,camacha,40,PT,1523597400,67,33.08,-16.33,59.0,18.34
88,nuuk,90,GL,1523595000,92,64.17,-51.74,21.2,10.29
89,severo-kurilsk,76,RU,1523599022,93,50.68,156.12,33.96,8.23
90,lavrentiya,20,RU,1523599023,93,65.58,-170.99,16.41,40.67
91,satipo,92,PE,1523599023,95,-11.26,-74.64,65.55,2.19
92,quezon,36,PH,1523599023,60,16.49,121.26,84.63,2.42
93,mar del plata,0,AR,1523599024,100,-46.43,-67.52,37.02,3.2
94,muros,75,ES,1523597400,100,42.77,-9.06,44.6,6.11
95,kutum,0,SD,1523599025,16,14.2,24.66,68.88,6.78
96,westport,75,IE,1523597400,100,53.8,-9.52,42.8,2.24
97,ilulissat,44,GL,1523595000,78,69.22,-51.1,14.0,3.36
98,new norfolk,40,AU,1523597400,52,-42.78,147.06,64.4,9.17
99,rincon,1,US,1523597700,97,32.3,-81.24,60.8,4.88
100,yuanping,92,CN,1523599026,93,38.72,112.71,44.13,3.31
101,tuktoyaktuk,90,CA,1523595600,85,69.44,-133.03,10.4,24.16
102,dakar,32,SN,1523598980,91,14.69,-17.45,66.45,21.54
103,laguna,0,MX,1523599028,74,27.52,-110.01,64.11,2.19
104,port elizabeth,1,US,1523595360,58,39.31,-74.98,64.4,6.93
105,airai,24,TL,1523599028,52,-8.93,125.41,84.9,1.86
106,vaini,0,IN,1523599029,29,15.34,74.49,93.99,1.74
107,syamzha,36,RU,1523599029,93,60.02,41.06,34.68,12.59
108,avera,1,US,1523597700,72,33.19,-82.53,62.6,4.7
109,markova,0,RU,1523595600,34,52.21,104.21,48.2,6.71
110,mandera,88,ET,1523599031,100,3.94,41.86,75.45,4.21
111,jalu,76,LY,1523599031,18,29.03,21.55,87.51,14.72
112,aitape,36,PG,1523599031,95,-3.15,142.36,82.92,7.78
113,kermanshah,75,IR,1523595600,87,34.32,47.07,48.2,11.41
114,valday,0,RU,1523599032,69,57.98,33.25,38.82,4.43
115,grindavik,90,IS,1523595600,93,63.84,-22.43,42.8,11.41
116,henties bay,0,NA,1523599033,94,-22.12,14.28,65.82,6.78
117,san vicente,20,SV,1523598600,94,13.64,-88.78,77.0,9.17
118,cockburn town,24,TC,1523599034,100,21.46,-71.14,77.7,14.94
119,saskylakh,24,RU,1523599035,91,71.97,114.09,7.32,7.11
120,port moresby,40,PG,1523595600,66,-9.47,147.16,87.8,9.17
121,port macquarie,8,AU,1523595600,28,-31.43,152.91,86.0,5.82
122,opuwo,12,NA,1523599036,90,-18.06,13.84,61.14,4.99
123,padang,20,ID,1523599003,100,-0.92,100.36,82.65,5.66
124,raudeberg,0,NO,1523596800,52,61.99,5.14,44.6,9.17
125,codrington,68,AU,1523599037,69,-28.95,153.24,74.37,5.21
126,castro,24,CL,1523599037,100,-42.48,-73.76,35.76,4.99
127,provideniya,20,RU,1523595600,57,64.42,-173.23,17.6,20.13
128,pontes e lacerda,12,BR,1523599038,91,-15.23,-59.33,71.58,4.99
129,bathsheba,40,BB,1523595600,78,13.22,-59.52,77.0,23.04
130,tartaro,75,PH,1523595600,52,15.17,121.02,91.4,9.17
131,hofn,68,IS,1523599040,92,64.25,-15.21,40.8,11.14
132,ouesso,88,CG,1523599040,99,1.61,16.05,71.67,2.75
133,iki-burul,0,RU,1523595600,78,45.82,44.65,41.0,15.66
134,myitkyina,12,MM,1523599027,52,25.38,97.4,86.43,3.09
135,lompoc,1,US,1523597700,37,34.64,-120.46,53.6,11.41
136,saldanha,64,PT,1523599041,99,41.42,-6.55,39.9,2.75
137,meulaboh,8,ID,1523599042,100,4.14,96.13,85.98,6.67
138,isla mujeres,20,MX,1523594700,83,21.23,-86.73,78.8,9.17
139,caluquembe,92,AO,1523599042,99,-13.78,14.68,60.42,3.42
140,kanash,0,RU,1523595600,37,55.51,47.5,37.4,6.71
141,kanniyakumari,68,IN,1523599043,100,8.08,77.57,81.75,12.82
142,saint george,40,GR,1523596800,93,39.45,22.34,50.0,3.98
143,geraldton,5,CA,1523595600,52,49.72,-86.95,19.4,2.24
144,saint-ambroise,76,FR,1523597400,100,47.25,-0.65,42.8,1.12
145,souillac,75,FR,1523597400,93,45.6,-0.6,48.2,5.82
146,caravelas,80,BR,1523599045,100,-17.73,-39.27,78.15,7.0
147,namatanai,24,PG,1523599045,93,-3.66,152.44,86.16,7.34
148,alofi,24,NU,1523595600,88,-19.06,-169.92,77.0,16.11
149,klaksvik,8,FO,1523596800,81,62.23,-6.59,42.8,16.11
150,katsuura,0,JP,1523595600,21,33.93,134.5,62.6,5.82
151,margate,40,AU,1523597400,52,-43.03,147.26,64.4,9.17
152,kungurtug,12,RU,1523599047,59,50.6,97.53,35.67,4.65
153,richards bay,0,ZA,1523599048,77,-28.77,32.06,70.5,14.5
154,grand forks,1,US,1523596500,63,47.91,-97.06,30.2,11.41
155,dalvik,0,SE,1523596800,74,57.79,14.13,35.6,6.93
156,kristiansund,0,NO,1523596800,33,63.12,7.73,46.4,5.82
157,sao joao da barra,88,BR,1523599050,100,-21.64,-41.05,74.37,3.98
158,obeliai,0,LT,1523599050,71,55.94,25.8,40.26,11.48
159,palma gil,75,PH,1523595600,66,7.64,125.63,87.8,12.75
160,brae,20,GB,1523596800,93,60.4,-1.35,42.8,10.29
161,guane,8,CU,1523599051,94,22.2,-84.09,70.77,5.44
162,quelimane,40,MZ,1523595600,94,-17.88,36.89,75.2,3.36
163,cabo san lucas,5,MX,1523594460,64,22.89,-109.91,69.8,5.82
164,torbay,5,CA,1523595600,85,47.66,-52.73,21.2,6.93
165,san patricio,80,PY,1523599053,77,-26.98,-56.83,77.07,5.77
166,yarmouth,90,GB,1523596800,93,50.71,-1.5,44.6,3.36
167,saint-philippe,90,CA,1523596740,100,45.36,-73.48,44.6,9.17
168,stephenville,75,US,1523596500,73,32.22,-98.2,73.4,18.34
169,qasigiannguit,44,GL,1523595000,78,68.82,-51.19,14.0,3.36
170,oranjemund,88,ZA,1523599056,100,-28.55,16.43,61.05,4.76
171,hithadhoo,48,MV,1523599056,100,-0.6,73.08,83.01,11.81
172,dwarka,0,IN,1523595600,22,28.58,77.04,87.8,5.82
173,santa ana,20,SV,1523598600,94,13.99,-89.56,71.6,9.17
174,thompson,75,CA,1523595600,54,55.74,-97.86,3.2,2.24
175,vestmanna,20,FO,1523596800,81,62.16,-7.17,42.8,16.11
176,east london,0,ZA,1523595600,72,-33.02,27.91,66.2,6.93
177,mwadui,92,TZ,1523599058,100,-3.55,33.6,65.28,4.99
178,karratha,0,AU,1523599059,11,-20.74,116.85,103.17,9.13
179,kruisfontein,0,ZA,1523599059,88,-34.0,24.73,65.01,11.59
180,pangnirtung,44,CA,1523599061,62,66.15,-65.72,-7.71,3.09
181,am timan,0,TD,1523599061,24,11.04,20.28,76.53,3.98
182,kodinsk,92,RU,1523599061,79,58.6,99.18,44.58,8.23
183,kaduqli,0,SD,1523599062,31,11.01,29.72,82.65,5.21
184,bambous virieux,40,MU,1523595600,69,-20.34,57.76,82.4,9.17
185,taoudenni,0,ML,1523599063,38,22.68,-3.98,59.43,11.48
186,ketchikan,90,US,1523597700,87,55.34,-131.65,44.6,8.05
187,port hedland,0,AU,1523597400,25,-20.31,118.58,98.6,14.99
188,sao filipe,68,CV,1523599064,99,14.9,-24.5,69.96,18.41
189,arman,20,RU,1523595600,49,59.7,150.17,26.6,8.95
190,guarambare,40,PY,1523595600,88,-25.48,-57.47,77.0,13.87
191,carballo,75,ES,1523597400,100,43.21,-8.69,50.0,1.97
192,khao wong,40,TH,1523595600,47,16.69,104.09,96.8,5.82
193,hambantota,8,LK,1523599067,98,6.12,81.12,85.35,5.1
194,auki,0,NG,1523599067,78,12.18,6.51,69.78,6.44
195,ribeira grande,92,PT,1523599067,96,38.52,-28.7,64.2,19.08
196,hualmay,44,PE,1523599068,95,-11.1,-77.61,61.5,3.31
197,mezen,0,RU,1523599068,71,65.85,44.24,28.92,3.98
198,khatanga,64,RU,1523599069,96,71.98,102.47,28.83,12.71
199,arenys de mar,92,ES,1523597400,93,41.58,2.55,53.6,5.32
200,portobelo,40,PA,1523599200,100,9.55,-79.65,75.2,12.15
201,inhambane,76,MZ,1523599070,83,-23.87,35.38,78.33,10.47
202,fortuna,20,ES,1523597400,76,38.18,-1.13,55.4,6.93
203,azovskaya,0,RU,1523595600,76,44.79,38.62,53.6,11.18
204,hermanus,76,ZA,1523599071,92,-34.42,19.24,55.38,2.75
205,roseburg,20,US,1523596920,75,43.22,-123.34,46.4,2.98
206,nova olimpia,12,BR,1523599072,96,-14.8,-57.29,69.33,4.76
207,sinnamary,76,GF,1523599072,96,5.38,-52.96,79.23,14.61
208,xianshuigu,90,CN,1523595600,87,38.98,117.38,53.6,4.47
209,uinskoye,8,RU,1523599073,81,56.88,56.58,34.5,4.65
210,trairi,44,BR,1523599073,100,-3.28,-39.27,78.33,7.78
211,saint-francois,0,FR,1523597400,87,46.42,3.91,44.6,7.67
212,penzance,75,GB,1523595000,93,50.12,-5.53,48.2,6.93
213,saint leonard,1,US,1523598780,51,38.47,-76.51,69.8,12.75
214,najran,5,SA,1523595600,60,17.54,44.22,71.6,3.42
215,macau,32,BR,1523599076,99,-5.11,-36.64,70.95,4.76
216,walvis bay,0,NA,1523599076,100,-22.95,14.51,64.02,9.8
217,tiksi,0,RU,1523598841,86,71.64,128.87,20.28,5.77
218,slonim,0,BY,1523599077,79,53.09,25.32,52.23,15.73
219,ust-nera,0,RU,1523599077,69,64.57,143.24,20.28,2.64
220,luganville,24,VU,1523599077,98,-15.51,167.18,81.75,20.76
221,lincoln,1,US,1523596500,54,40.8,-96.67,68.0,11.41
222,naze,40,NG,1523595600,94,5.43,7.07,75.2,5.32
223,vao,0,EE,1523599079,70,59.1,26.19,36.66,3.98
224,christchurch,0,NZ,1523597400,66,-43.53,172.64,51.8,6.93
225,cap-aux-meules,5,CA,1523595600,86,47.38,-61.86,33.8,12.75
226,esperance,92,TT,1523599080,80,10.24,-61.45,77.52,7.11
227,qandala,0,SO,1523599080,59,11.47,49.87,83.1,1.63
228,chicama,40,PE,1523595600,93,-7.84,-79.15,66.2,6.93
229,menongue,80,AO,1523599081,97,-14.66,17.68,63.93,2.53
230,comodoro rivadavia,0,AR,1523595600,57,-45.87,-67.48,50.0,9.17
231,iraquara,92,BR,1523599082,99,-12.24,-41.62,67.08,5.21
232,ingham,32,AU,1523599082,100,-18.65,146.16,76.26,6.11
233,atyrau,0,KZ,1523595600,60,47.1,51.92,41.0,22.37
234,nome,90,US,1523596500,94,30.04,-94.42,69.8,9.17
235,ulladulla,32,AU,1523595600,35,-35.36,150.48,84.2,11.41
236,kodiak,1,US,1523595180,64,39.95,-94.76,71.6,17.22
237,dumbea,0,NC,1523597400,42,-22.15,166.45,80.6,10.29
238,zeya,0,RU,1523599085,30,53.74,127.27,41.52,5.1
239,tasiilaq,92,GL,1523595000,74,65.61,-37.64,33.8,14.99
240,ilo,8,PE,1523599086,93,-17.65,-71.34,55.65,2.53
241,pahrump,1,US,1523595480,8,36.21,-115.98,59.0,17.22
242,chase,75,US,1523598900,81,43.89,-85.64,39.2,5.82
243,brasilia de minas,64,BR,1523599087,88,-16.21,-44.43,66.72,8.34
244,issoudun,0,FR,1523597400,93,46.95,1.99,42.8,4.7
245,haines junction,36,CA,1523599088,80,60.75,-137.51,19.02,2.42
246,tiznit,92,MA,1523599088,99,29.7,-9.73,57.45,14.16
247,skjervoy,0,NO,1523596800,59,70.03,20.97,37.4,10.29
248,kahului,90,US,1523597280,83,20.89,-156.47,75.2,8.05
249,los llanos de aridane,0,ES,1523597400,59,28.66,-17.92,64.4,14.99
250,martil,92,MA,1523597400,71,35.62,-5.28,53.6,8.05
251,oskarshamn,0,SE,1523596800,75,57.26,16.44,41.0,5.82
252,dicabisagan,56,PH,1523599090,96,17.08,122.42,81.03,4.65
253,ewa beach,40,US,1523596620,78,21.32,-158.01,78.8,6.93
254,nohfelden,0,DE,1523596800,81,49.59,7.14,46.4,5.82
255,cumpas,0,MX,1523599091,16,30.0,-109.78,65.55,6.55
256,yar-sale,8,RU,1523599092,97,66.83,70.83,13.8,11.81
257,panzhihua,8,CN,1523599092,28,26.59,101.72,82.11,4.21
258,valle de santiago,20,MX,1523594460,87,20.39,-101.18,55.4,3.76
259,kaitangata,0,NZ,1523599093,79,-46.28,169.85,45.57,7.23
260,puerto carreno,44,CO,1523599094,87,6.19,-67.49,70.95,3.09
261,jacareacanga,0,BR,1523599094,93,-6.22,-57.76,73.38,2.3
262,collecchio,20,IT,1523595600,100,44.75,10.22,42.8,3.36
263,beyneu,0,KZ,1523599095,45,45.32,55.19,60.96,12.37
264,qaqortoq,8,GL,1523595000,68,60.72,-46.03,24.8,3.36
265,joshimath,0,IN,1523599096,87,30.57,79.57,22.17,0.4
266,copiapo,24,CL,1523595600,87,-27.37,-70.33,57.2,4.7
267,mareeba,75,AU,1523597400,61,-16.99,145.42,82.4,13.87
268,kilindoni,76,TZ,1523599098,100,-7.91,39.67,80.13,10.13
269,lagoa,20,PT,1523597400,93,37.14,-8.45,48.2,9.17
270,leningradskiy,0,RU,1523599098,66,69.38,178.42,3.36,6.44
271,tilichiki,88,RU,1523599099,94,60.47,166.1,28.65,9.46
272,tura,36,IN,1523599099,87,25.52,90.21,78.96,2.75
273,shache,0,CN,1523599100,46,38.42,77.24,59.88,7.0
274,umm kaddadah,0,SD,1523599100,11,13.6,26.69,74.55,9.46
275,isangel,8,VU,1523599101,100,-19.55,169.27,78.24,21.43
276,kenai,90,US,1523595360,61,60.55,-151.26,48.2,4.7
277,skelleftea,0,SE,1523596800,92,64.75,20.95,21.2,2.24
278,nara,0,JP,1523595600,18,34.68,135.8,66.2,12.75
279,itaituba,24,BR,1523599102,97,-4.26,-55.99,73.83,2.98
280,andujar,64,ES,1523598891,100,38.04,-4.05,44.67,3.65
281,vallenar,0,CL,1523599103,72,-28.58,-70.76,50.07,0.63
282,cuamba,88,MZ,1523599103,100,-14.8,36.54,70.05,4.99
283,nikolskoye,0,RU,1523595600,69,59.7,30.79,33.8,2.24
284,dois corregos,8,BR,1523599104,80,-22.37,-48.38,66.27,4.32
285,moranbah,44,AU,1523599104,51,-22.0,148.04,82.92,14.72
286,namibe,92,AO,1523599104,100,-15.19,12.15,75.54,8.23
287,eureka,20,US,1523597700,100,40.8,-124.16,46.4,5.82
288,matamoros,90,US,1523597460,88,25.87,-97.51,77.0,21.92
289,touros,88,BR,1523599106,100,-5.2,-35.46,76.08,5.99
290,tazovskiy,56,RU,1523599106,97,67.47,78.7,20.64,13.27
291,boca do acre,80,BR,1523599107,97,-8.76,-67.39,73.38,2.19
292,orichi,24,RU,1523599107,92,58.4,49.06,34.14,6.33
293,beisfjord,0,NO,1523595000,64,68.38,17.6,33.8,6.93
294,komsomolskiy,88,RU,1523599108,96,67.55,63.78,24.6,17.63
295,wagar,0,US,1523599108,77,31.44,-87.99,63.39,6.44
296,laredo,1,US,1523596500,78,27.51,-99.51,75.2,13.87
297,kovernino,80,RU,1523599109,90,57.13,43.81,32.97,7.45
298,batagay,12,RU,1523599109,70,67.65,134.64,31.17,4.99
299,teya,5,MX,1523594760,58,21.05,-89.07,82.4,10.29
300,grand gaube,40,MU,1523595600,69,-20.01,57.66,82.4,9.17
301,bam,0,IR,1523599110,20,29.11,58.36,79.23,6.67
302,sobolevo,0,RU,1523599111,75,54.43,31.9,39.63,4.76
303,robertsport,12,LR,1523599111,100,6.75,-11.37,81.21,8.79
304,chesma,0,RU,1523599111,86,53.81,60.65,35.31,9.69
305,tommot,20,RU,1523599112,51,58.97,126.27,35.13,5.21
306,soyo,32,AO,1523599112,91,-6.13,12.37,77.16,2.42
307,charlestown,75,US,1523598780,62,41.38,-71.64,53.6,19.46
308,altay,0,CN,1523599113,68,47.83,88.13,39.18,3.2
309,nevsehir,0,TR,1523596800,81,38.62,34.71,53.6,9.17
310,palu,68,ID,1523599114,91,-0.9,119.87,72.84,1.97
311,lorengau,20,PG,1523599114,100,-2.02,147.27,83.28,3.42
312,husavik,0,CA,1523599114,59,50.56,-96.99,12.99,12.15
313,sibolga,76,ID,1523599115,95,1.74,98.78,76.35,1.63
314,yatou,75,CM,1523595600,100,3.63,9.81,77.0,2.24
315,abatskoye,0,RU,1523599116,100,56.29,70.46,31.53,5.44
316,aden,56,YE,1523599040,99,12.79,45.03,81.12,9.01
317,bilma,0,NE,1523599117,16,18.69,12.92,68.07,7.0
318,marsa matruh,0,EG,1523595600,77,31.35,27.25,68.0,5.82
319,salalah,40,OM,1523595000,74,17.01,54.1,84.2,6.93
320,roald,0,NO,1523596800,60,62.58,6.12,41.0,3.36
321,stykkisholmur,92,IS,1523599119,97,65.08,-22.73,39.9,3.65
322,sept-iles,90,CA,1523595600,80,50.2,-66.38,30.2,9.17
323,hasaki,0,JP,1523595600,29,35.73,140.83,66.2,11.41
324,manokwari,32,ID,1523599120,100,-0.87,134.08,82.38,3.09
325,cidreira,92,BR,1523599120,100,-30.17,-50.22,69.78,15.28
326,yanam,0,IN,1523599120,65,16.73,82.22,90.93,6.67
327,fairbanks,1,US,1523595480,60,64.84,-147.72,42.8,4.7
328,biak,76,ID,1523599121,82,-0.91,122.88,84.9,3.98
329,ahipara,80,NZ,1523599121,90,-35.17,173.16,65.82,14.72
330,todos santos,5,MX,1523594700,77,23.45,-110.23,69.8,11.41
331,kansanshi,24,ZM,1523599122,91,-12.1,26.43,63.3,11.92
332,kupino,92,RU,1523599123,85,54.36,77.31,47.28,14.5
333,changli,100,CN,1523599123,95,30.54,105.42,55.65,21.77
334,lerwick,20,GB,1523596800,93,60.15,-1.15,42.8,10.29
335,changping,40,CN,1523595600,87,40.22,116.23,50.0,2.24
336,dzilam gonzalez,36,MX,1523599124,78,21.28,-88.93,74.55,6.44
337,champerico,40,MX,1523594820,73,16.38,-93.6,75.2,1.74
338,doha,40,QA,1523595600,65,25.29,51.53,82.4,3.36
339,compostela,0,MX,1523599125,79,21.24,-104.9,57.81,1.07
340,byron bay,24,AU,1523597400,57,-28.65,153.62,80.6,18.34
341,tumut,56,AU,1523599126,69,-35.3,148.22,68.43,3.87
342,watsa,92,CD,1523599127,100,3.04,29.53,66.99,2.19
343,mitsamiouli,20,KM,1523595600,66,-11.38,43.28,86.0,1.12
344,agadez,0,NE,1523595600,14,16.97,7.99,75.2,9.17
345,khorixas,0,NA,1523599128,93,-20.37,14.96,59.61,3.2
346,kedrovyy,40,RU,1523595600,46,56.17,91.82,53.6,13.42
347,la palma,80,CO,1523599129,99,5.36,-74.39,66.18,0.18
348,muroto,0,JP,1523595600,11,33.37,134.14,75.2,13.87
349,lar,0,IR,1523595600,60,27.66,54.32,71.6,4.7
350,ongandjera,76,NA,1523599131,83,-17.88,15.07,66.27,12.48
351,piopio,0,CL,1523595600,100,-42.79,-73.57,37.4,4.99
352,hami,0,CN,1523599132,44,42.84,93.51,55.92,7.0
353,norman wells,75,CA,1523595600,50,65.28,-126.83,33.8,5.66
354,ribas do rio pardo,0,BR,1523599133,68,-20.45,-53.76,69.15,3.31
355,lasa,0,CY,1523597400,52,34.92,32.53,68.0,2.24
356,tsabong,92,BW,1523599134,76,-26.02,22.4,64.65,7.78
357,port lincoln,80,AU,1523598894,100,-34.72,135.86,60.51,27.13
358,rockhampton,20,AU,1523597400,51,-23.38,150.51,82.4,9.17
359,ganzhou,56,CN,1523599135,70,25.86,114.93,83.37,9.35
360,fallon,90,US,1523595360,100,46.84,-105.12,30.2,17.22
361,sojitra,24,IN,1523595600,39,22.61,72.68,95.0,2.24
362,port-gentil,40,GA,1523595600,94,-0.72,8.78,78.8,2.24
363,yulara,24,AU,1523595600,20,-25.24,130.99,95.0,12.75
364,omsukchan,80,RU,1523599136,82,62.53,155.8,17.22,3.76
365,tomatlan,0,MX,1523599137,90,19.93,-105.25,63.03,1.52
366,iqaluit,5,CA,1523595600,77,63.75,-68.52,-2.21,4.7
367,pacific grove,1,US,1523597700,66,36.62,-121.92,51.8,11.81
368,koson,0,UZ,1523595600,31,39.04,65.59,75.2,6.93
369,sucila,20,MX,1523599138,84,21.15,-88.32,73.92,6.78
370,clayton,1,US,1523595300,15,36.45,-103.19,64.4,10.29
371,adrar,0,DZ,1523595600,18,27.87,-0.29,60.8,6.93
372,corpus christi,75,US,1523596800,94,27.8,-97.4,75.2,20.8
373,bodden town,0,KY,1523599140,100,19.28,-81.25,79.86,14.94
374,san cristobal,20,EC,1523595600,87,-0.39,-78.55,48.2,9.17
375,ust-kan,20,RU,1523599141,55,50.93,84.77,47.91,5.66
376,usakos,80,NA,1523599141,94,-22.0,15.59,64.65,4.65
377,beringovskiy,76,RU,1523599142,89,63.05,179.32,21.99,23.78
378,kamenka,48,RU,1523599142,89,53.19,44.05,36.3,6.11
379,cururupu,92,BR,1523599143,100,-1.82,-44.87,72.93,3.42
380,rafaela,64,AR,1523599143,84,-31.25,-61.49,52.95,10.02
381,lisakovsk,0,KZ,1523599143,82,52.55,62.49,37.65,8.68
382,lubango,88,AO,1523599143,100,-14.92,13.49,63.66,2.86
383,hernani,0,ES,1523597400,93,43.27,-1.98,48.2,2.24
384,berlevag,0,NO,1523595000,80,70.86,29.09,35.6,21.92
385,lata,8,IN,1523599145,69,30.78,78.62,57.63,1.97
386,jinji,20,CN,1523599146,64,22.16,112.49,85.8,12.26
387,great falls,90,US,1523596380,100,47.5,-111.29,28.4,6.93
388,nemuro,40,JP,1523595600,44,43.32,145.57,39.2,12.75
389,calabozo,8,VE,1523599147,63,8.92,-67.43,79.05,14.5
390,micheweni,92,TZ,1523599147,100,-4.97,39.83,76.8,11.03
391,tiarei,40,PF,1523597400,74,-17.53,-149.33,80.6,4.7
392,manado,40,ID,1523597400,66,1.49,124.85,89.6,10.29
393,broome,90,GB,1523596800,100,52.47,1.45,44.6,3.2
394,victoria point,20,AU,1523597400,61,-27.58,153.3,80.6,18.34
395,vanavara,92,RU,1523599149,91,60.35,102.28,38.64,9.57
396,coracao de jesus,56,BR,1523599150,93,-16.69,-44.37,65.1,7.9
397,lacey,92,US,1523597700,87,47.03,-122.81,46.4,11.41
398,mkushi,100,ZM,1523599150,87,-13.61,29.4,63.93,13.15
399,agropoli,0,IT,1523599151,100,40.35,15.0,55.38,4.76
400,ipixuna,0,BR,1523595600,83,-1.76,-48.8,75.2,2.24
401,waipawa,92,NZ,1523599152,64,-39.94,176.59,50.34,7.0
402,faya,40,SA,1523595600,77,18.39,42.45,64.4,3.36
403,buchanan,20,LR,1523599153,99,5.88,-10.05,79.68,5.99
404,fort-shevchenko,8,KZ,1523599154,81,44.51,50.26,51.6,14.16
405,anadyr,0,RU,1523595600,67,64.73,177.51,17.6,29.08
406,sjovegan,0,NO,1523596800,79,68.87,17.85,33.8,2.19
407,pevek,0,RU,1523599155,61,69.7,170.27,4.98,3.76
408,burnie,68,AU,1523599156,99,-41.05,145.91,62.04,17.74
409,kalmunai,56,LK,1523599156,84,7.42,81.82,86.25,4.43
410,novopokrovka,8,RU,1523599157,53,45.85,134.51,48.27,6.11
411,manta,32,RO,1523599157,72,45.1,24.1,59.7,9.35
412,floro,0,NO,1523596800,52,61.6,5.03,46.4,9.17
413,dalian,0,CN,1523595600,47,19.86,110.11,96.8,11.18
414,deputatskiy,0,RU,1523599159,84,69.3,139.9,16.05,3.98
415,hargeysa,75,SO,1523595600,77,9.56,44.06,68.0,6.93
416,gao,0,ML,1523599160,27,16.28,-0.04,73.47,9.24
417,monopoli,0,IT,1523596800,81,40.95,17.3,55.4,5.82
418,vila franca do campo,75,PT,1523597400,93,37.72,-25.43,59.0,3.36
419,kavali,0,IN,1523599161,48,14.91,79.99,95.43,7.67
420,marawi,20,PH,1523599161,80,8.0,124.29,81.75,1.74
421,yinchuan,32,CN,1523599161,23,38.48,106.21,53.4,11.7
422,aksu,0,KZ,1523595600,30,52.04,76.93,59.0,20.13
423,moron,88,VE,1523599034,94,10.49,-68.2,68.43,3.42
424,noumea,0,NC,1523597400,42,-22.28,166.46,80.6,10.29
425,chimbote,64,PE,1523599163,98,-9.08,-78.59,63.21,4.54
426,atar,0,MR,1523599163,56,20.52,-13.05,54.39,7.78
427,coquimbo,0,CL,1523595600,87,-29.95,-71.34,55.4,5.99
428,samana,48,EC,1523599164,94,0.12,-76.97,71.4,3.87
429,lugovoy,20,RU,1523599165,77,59.72,65.88,30.18,8.46
430,tierranueva,44,MX,1523599165,91,21.68,-100.57,50.7,2.64
431,goderich,80,CA,1523599165,92,43.74,-81.71,33.87,9.57
432,samarai,92,PG,1523599166,100,-10.62,150.67,83.1,15.73
433,gornyye klyuchi,0,RU,1523599166,64,45.25,133.5,50.88,6.11
434,grandview,1,US,1523597700,56,38.89,-94.53,73.4,14.99
435,kloulklubed,75,PW,1523598600,74,7.04,134.26,84.2,11.41
436,luwuk,76,ID,1523599168,82,-0.95,122.79,84.9,3.98
437,jinka,12,ET,1523599168,84,5.79,36.57,70.05,1.97
438,minna,0,NG,1523599169,77,9.62,6.55,75.18,7.0
439,awjilah,80,LY,1523599169,22,29.14,21.3,86.52,14.5
440,gizo,0,IL,1523596800,72,31.8,34.94,64.4,3.36
441,egvekinot,0,RU,1523599170,73,66.32,-179.17,11.73,9.35
442,conceicao do araguaia,76,BR,1523599171,97,-8.26,-49.26,70.14,4.65
443,moses lake,1,US,1523595180,56,47.13,-119.28,44.6,9.17
444,matagami,8,NG,1523599171,91,9.67,8.4,67.35,4.88
445,ust-ilimsk,92,RU,1523599172,63,57.96,102.73,44.58,9.8
446,ambon,32,FR,1523597400,93,47.55,-2.56,48.2,5.82
447,roros,0,NO,1523596800,46,62.57,11.38,28.4,4.7
448,port hawkesbury,20,CA,1523595600,96,45.62,-61.36,32.0,4.7
449,pinczow,44,PL,1523599173,61,50.52,20.53,60.78,9.8
450,nicoya,75,CR,1523595600,61,10.15,-85.45,78.8,9.17
451,te anau,24,NZ,1523599174,78,-45.41,167.72,41.88,2.42
452,george town,75,MY,1523597400,75,5.42,100.33,89.6,8.05
453,mikuni,20,JP,1523595600,47,36.22,136.15,55.4,9.17
454,kirakira,88,SB,1523599175,100,-10.46,161.92,79.23,14.16
455,kavaratti,0,IN,1523599176,100,10.57,72.64,86.25,8.23
456,ugoofaaru,24,MV,1523599176,97,5.67,73.0,86.7,11.14
457,hit,64,IQ,1523599176,72,33.64,42.83,67.62,3.2
458,polovinnoye,0,RU,1523599177,91,54.79,65.99,35.49,9.91
459,tuatapere,12,NZ,1523599177,100,-46.13,167.69,47.64,3.53
460,tongliao,88,CN,1523599178,35,43.61,122.27,57.9,24.56
461,asosa,0,ET,1523599178,18,10.07,34.53,83.19,3.31
462,collie,0,AU,1523599178,45,-33.36,116.15,72.48,10.47
463,fukue,0,JP,1523595600,42,35.03,136.69,62.6,20.8
464,ozernovskiy,68,RU,1523599179,90,51.5,156.52,33.87,7.78
465,hervey bay,88,AU,1523599099,83,-25.3,152.85,78.51,8.46
466,kaili,24,ID,1523599180,77,-3.46,120.21,82.11,3.87
467,ayagoz,0,KZ,1523599180,32,47.96,80.43,62.22,16.84
468,temir,0,KZ,1523599181,62,49.14,57.13,41.07,14.83
469,genhe,76,CN,1523599181,45,50.78,121.52,36.03,8.79
470,port blair,44,IN,1523599027,100,11.67,92.75,85.17,9.46
471,taber,90,CA,1523597820,92,49.79,-112.14,28.4,5.66
472,gubkinskiy,92,RU,1523599182,89,64.43,76.5,22.62,18.3
473,loukhi,0,RU,1523599183,81,66.08,33.04,34.32,3.09
474,aklavik,90,CA,1523595600,85,68.22,-135.01,10.4,14.99
475,dong hoi,8,VN,1523599184,75,17.48,106.6,85.17,3.98
476,shebalino,0,RU,1523599184,46,51.29,85.68,49.62,3.76
477,morehead,1,US,1523595180,34,38.18,-83.43,66.2,8.05
478,sabla,0,NG,1523599185,65,12.75,4.71,77.97,9.91
479,rocha,0,UY,1523599185,86,-34.48,-54.34,53.58,9.01
480,the valley,40,AI,1523595600,74,18.22,-63.06,78.8,12.75
481,taunggyi,12,MM,1523599186,41,20.78,97.03,85.35,3.65
482,camacari,75,BR,1523595600,74,-12.7,-38.32,82.4,11.41
483,westerland,90,NL,1523597220,100,52.89,4.93,50.0,3.36
484,nurota,0,UZ,1523595600,23,40.56,65.69,73.4,9.17
485,plettenberg bay,32,ZA,1523599187,90,-34.05,23.37,63.48,12.59
486,olean,75,US,1523596500,76,42.08,-78.43,59.0,3.36
487,segovia,75,ES,1523597400,93,40.95,-4.12,42.8,9.17
488,khailar,0,IN,1523599189,45,25.35,78.53,90.57,4.32
489,jackson,1,US,1523596500,43,35.61,-88.82,69.8,16.11
490,caninde de sao francisco,88,BR,1523599189,96,-9.66,-37.79,73.92,4.88
491,loja,76,EC,1523599190,89,-4.0,-79.2,54.75,1.19
492,yining,92,CN,1523599190,100,29.04,114.56,68.07,2.98
493,baruun-urt,92,MN,1523599191,85,46.68,113.28,34.59,22.32
494,saint-avertin,92,FR,1523597400,93,47.36,0.74,48.2,1.12
495,makakilo city,40,US,1523596620,78,21.35,-158.09,78.8,6.93
496,cherdyn,76,RU,1523599192,78,60.4,56.48,33.24,10.13
497,huarmey,24,PE,1523599192,93,-10.07,-78.15,60.87,2.64
498,leshukonskoye,56,RU,1523599192,79,64.9,45.76,31.71,5.88
499,salinas,1,US,1523597700,66,36.67,-121.66,51.8,11.81
500,mahanoro,92,MG,1523599193,100,-19.9,48.8,70.77,4.43
501,tanout,0,NE,1523599194,26,14.97,8.88,63.75,3.09
502,araruna,88,BR,1523599194,98,-6.53,-35.74,71.04,3.2
503,vasai,0,IN,1523599194,38,22.43,69.93,96.24,7.34
504,elizabethtown,75,US,1523596500,42,40.15,-76.6,69.8,19.46
505,qarqin,0,AF,1523599195,21,37.41,66.03,80.67,14.83
506,okhotsk,80,RU,1523599196,72,59.36,143.24,29.28,4.88
507,ponta delgada,75,PT,1523597400,93,37.73,-25.67,59.0,3.36
508,kayerkan,44,RU,1523599196,94,69.35,87.76,19.38,8.9
509,carauari,68,BR,1523599197,93,-4.88,-66.9,76.98,3.98
510,roma,20,IT,1523596800,82,41.89,12.48,55.4,5.82
511,san policarpo,64,PH,1523599198,93,12.18,125.51,82.92,11.59
512,cayenne,90,GF,1523597400,78,4.94,-52.33,78.8,3.36
513,araouane,0,ML,1523599199,35,18.9,-3.53,60.15,10.02
514,luderitz,88,NA,1523599199,99,-26.65,15.16,57.72,9.46
515,vilyuysk,0,RU,1523599199,55,63.75,121.63,37.56,5.99
516,halifax,90,CA,1523595600,93,44.65,-63.58,35.6,9.17
517,sawtell,36,AU,1523597400,61,-30.38,153.1,78.8,17.22
518,knysna,0,ZA,1523595600,82,-34.04,23.05,59.0,8.05
519,sindor,0,RU,1523599201,77,62.87,51.9,30.36,10.36
520,buala,88,SB,1523599203,95,-8.15,159.59,82.56,4.09
521,turukhansk,36,RU,1523599204,100,65.8,87.96,23.34,8.34
522,ibra,0,OM,1523599205,30,22.69,58.55,89.49,3.65
523,williams lake,40,CA,1523595600,56,52.13,-122.14,32.0,3.36
524,el alto,40,BO,1523595600,78,-16.5,-68.19,48.2,12.75
525,santa cruz cabralia,75,BR,1523595600,94,-16.28,-39.02,73.4,4.7
526,salinopolis,100,BR,1523599209,100,-0.61,-47.36,77.61,5.88
527,oslo,0,NO,1523596800,47,59.91,10.74,37.4,10.29
528,north platte,1,US,1523595180,62,41.12,-100.77,51.8,17.22
529,tharad,12,IN,1523599210,15,24.39,71.63,104.07,2.64
530,kohlu,56,PK,1523599212,24,29.9,69.25,78.69,2.19
531,havre-saint-pierre,90,CA,1523595600,69,50.23,-63.6,33.8,4.7
532,joniskis,0,LT,1523596800,52,56.24,23.62,41.0,11.41
533,quiruvilca,32,PE,1523599215,98,-7.37,-78.8,49.35,0.4
534,portland,90,US,1523595360,70,45.52,-122.67,48.2,9.17
